{
  "xgboost": {
    "name": "XGBoost Classifier",
    "roc_auc": 0.9909724759469005,
    "fpr": [
      0.0,
      0.0,
      0.0,
      0.0,
      0.0,
      0.0,
      0.0,
      0.0,
      0.0,
      0.05434782608695652,
      0.05538302277432712,
      0.2474120082815735,
      0.2474120082815735,
      0.36645962732919257,
      0.36645962732919257,
      0.5414078674948241,
      0.5424430641821946,
      0.546583850931677,
      0.5476190476190477,
      0.5605590062111802,
      0.5615942028985508,
      0.5988612836438924,
      0.599896480331263,
      0.6609730848861284,
      0.662008281573499,
      0.7318840579710145,
      0.7329192546583851,
      0.734472049689441,
      0.7355072463768116,
      0.7531055900621118,
      0.7541407867494824,
      0.7763975155279503,
      0.777432712215321,
      0.7986542443064182,
      0.7996894409937888,
      0.8079710144927537,
      0.8090062111801242,
      0.8198757763975155,
      0.8209109730848861,
      0.8286749482401656,
      0.8302277432712215,
      0.8307453416149069,
      0.8317805383022774,
      0.8374741200828157,
      0.8385093167701864,
      0.8400621118012422,
      0.8416149068322981,
      0.855072463768116,
      0.8566252587991718,
      0.8695652173913043,
      0.870600414078675,
      0.879399585921325,
      0.8804347826086957,
      0.8809523809523809,
      0.8819875776397516,
      0.8887163561076604,
      0.889751552795031,
      0.8933747412008282,
      0.894927536231884,
      0.90527950310559,
      0.9063146997929606,
      0.9089026915113871,
      0.9099378881987578,
      0.9565217391304348,
      0.9575569358178054,
      0.9772256728778468,
      0.9782608695652174,
      0.9839544513457557,
      0.9849896480331263,
      1.0
    ],
    "tpr": [
      0.0,
      0.014705882352941176,
      0.08823529411764706,
      0.11764705882352941,
      0.20588235294117646,
      0.23529411764705882,
      0.5588235294117647,
      0.6029411764705882,
      0.9705882352941176,
      0.9705882352941176,
      0.9705882352941176,
      0.9705882352941176,
      0.9852941176470589,
      0.9852941176470589,
      1.0,
      1.0,
      1.0,
      1.0,
      1.0,
      1.0,
      1.0,
      1.0,
      1.0,
      1.0,
      1.0,
      1.0,
      1.0,
      1.0,
      1.0,
      1.0,
      1.0,
      1.0,
      1.0,
      1.0,
      1.0,
      1.0,
      1.0,
      1.0,
      1.0,
      1.0,
      1.0,
      1.0,
      1.0,
      1.0,
      1.0,
      1.0,
      1.0,
      1.0,
      1.0,
      1.0,
      1.0,
      1.0,
      1.0,
      1.0,
      1.0,
      1.0,
      1.0,
      1.0,
      1.0,
      1.0,
      1.0,
      1.0,
      1.0,
      1.0,
      1.0,
      1.0,
      1.0,
      1.0,
      1.0,
      1.0
    ],
    "thresholds": [
      Infinity,
      0.9999662637710571,
      0.9999438524246216,
      0.9999407529830933,
      0.9999277591705322,
      0.9999268054962158,
      0.9998303651809692,
      0.9998297691345215,
      0.999152660369873,
      0.0008347338298335671,
      0.0008305268711410463,
      0.0002557417319621891,
      0.0002554534294176847,
      0.00017535155348014086,
      0.0001753423421178013,
      0.00010916629253188148,
      0.00010916472820099443,
      0.00010846465011127293,
      0.0001084293908206746,
      0.00010433145507704467,
      0.00010399641905678436,
      9.410425263922662e-05,
      9.408307232661173e-05,
      8.102587889879942e-05,
      8.09312768978998e-05,
      6.911728996783495e-05,
      6.909672811161727e-05,
      6.872406811453402e-05,
      6.86800412950106e-05,
      6.573638529516757e-05,
      6.545021460624412e-05,
      6.173791189212352e-05,
      6.16125762462616e-05,
      5.847137072123587e-05,
      5.8342371630715206e-05,
      5.690270336344838e-05,
      5.689694808097556e-05,
      5.514114673133008e-05,
      5.5071468523237854e-05,
      5.381042865337804e-05,
      5.359058559406549e-05,
      5.3587573347613215e-05,
      5.3444571676664054e-05,
      5.283450445858762e-05,
      5.280196273815818e-05,
      5.271884583635256e-05,
      5.2675630286103114e-05,
      5.0884202209999785e-05,
      5.0729016948025674e-05,
      4.885614907834679e-05,
      4.8850935854716226e-05,
      4.7823272325331345e-05,
      4.781023017130792e-05,
      4.773182809003629e-05,
      4.7705525503261015e-05,
      4.706970867118798e-05,
      4.706535401055589e-05,
      4.656831515603699e-05,
      4.654722579289228e-05,
      4.5251472329255193e-05,
      4.5187949581304565e-05,
      4.4768421503249556e-05,
      4.448702748049982e-05,
      3.593606743379496e-05,
      3.566257510101423e-05,
      3.2123702112585306e-05,
      3.2008934795157984e-05,
      3.1115738238440827e-05,
      3.09226343233604e-05,
      2.0699400920420885e-05
    ]
  },
  "lightgbm": {
    "name": "LightGBM Classifier",
    "roc_auc": 0.9933359213250519,
    "fpr": [
      0.0,
      0.0,
      0.0,
      0.15993788819875776,
      0.16097308488612835,
      0.2246376811594203,
      0.2251552795031056,
      0.22826086956521738,
      0.22826086956521738,
      0.4932712215320911,
      0.4943064182194617,
      0.6925465838509317,
      0.6935817805383023,
      0.7142857142857143,
      0.7153209109730849,
      0.8436853002070394,
      0.84472049689441,
      0.901656314699793,
      0.9026915113871635,
      0.9337474120082816,
      0.9347826086956522,
      1.0
    ],
    "tpr": [
      0.0,
      0.014705882352941176,
      0.9705882352941176,
      0.9705882352941176,
      0.9705882352941176,
      0.9705882352941176,
      0.9852941176470589,
      0.9852941176470589,
      1.0,
      1.0,
      1.0,
      1.0,
      1.0,
      1.0,
      1.0,
      1.0,
      1.0,
      1.0,
      1.0,
      1.0,
      1.0,
      1.0
    ],
    "thresholds": [
      Infinity,
      0.9999999852627697,
      0.9999015272957784,
      1.6230338485058128e-07,
      1.6016226327211588e-07,
      1.0730289203237686e-07,
      1.0727064450054466e-07,
      1.0522374690025673e-07,
      1.0497695338174888e-07,
      3.376393417943872e-08,
      3.374745891380444e-08,
      1.671959228817012e-08,
      1.6701780962394145e-08,
      1.5679060393155964e-08,
      1.5677741309848242e-08,
      1.0194995867562155e-08,
      1.0188725539688357e-08,
      8.077005758692973e-09,
      8.072917766407486e-09,
      6.7733798109256025e-09,
      6.744160068861355e-09,
      1.467121919989564e-09
    ]
  }
}